Player,Nation,Pos,Squad,Comp,Age,Born,MP,Starts,Min,90s,Gls,Ast,G+A,G-PK,PK,PKatt,CrdY,CrdR,G+A-PK,Sh,SoT,SoT%,Sh/90,SoT/90,G/Sh,G/SoT,Mn/MP,Min%,Mn/Start,Compl,Subs,Mn/Sub,unSub,PPM,onG,onGA,+/-,+/-90,On-Off,Fls,Fld,Off,Crs,Int,TklW,OG,GA,GA90,SoTA,Saves,Save%,W,D,L,CS,CS%,PKatt_stats_keeper,PKA,PKsv,PKm,Primary_Position,Secondary_Position,Is_Multi_Position,Position_Group,Eligible_450,Eligible_900,Eligible_1350,Gls_per90_calc,Ast_per90_calc,G-PK_per90_calc,CrdY_per90_calc,CrdR_per90_calc,Sh_per90_calc,SoT_per90_calc,Fls_per90_calc,Fld_per90_calc,Off_per90_calc,Crs_per90_calc,Int_per90_calc,TklW_per90_calc,OG_per90_calc
Julen Agirrezabala,es ESP,GK,Valencia,es La Liga,24.0,2000.0,18,18,1620,18.0,0,0,0,0,0,0,1,0,0.0,0,0,,0.0,0.0,,,90,47.4,90.0,18,0,,4,0.89,17,30,-13,-0.72,-0.92,0,1,0,0,0,1,0,30.0,1.67,79.0,52.0,65.8,3.0,7.0,8.0,4.0,22.2,4.0,3.0,1.0,0.0,GK,,False,Goalkeeper,True,True,True,0.0,0.0,0.0,0.05555555555555555,0.0,0.0,0.0,0.0,0.05555555555555555,0.0,0.0,0.0,0.05555555555555555,0.0
Alisson,br BRA,GK,Liverpool,eng Premier League,32.0,1992.0,26,26,2340,26.0,0,0,0,0,0,0,1,0,0.0,0,0,,0.0,0.0,,,90,68.4,90.0,26,0,,0,1.81,44,31,13,0.5,0.75,1,7,0,0,0,0,0,31.0,1.19,86.0,57.0,66.3,13.0,8.0,5.0,8.0,30.8,2.0,2.0,0.0,0.0,GK,,False,Goalkeeper,True,True,True,0.0,0.0,0.0,0.038461538461538464,0.0,0.0,0.0,0.038461538461538464,0.2692307692307693,0.0,0.0,0.0,0.0,0.0
Alphonse Areola,fr FRA,GK,West Ham United,eng Premier League,32.0,1993.0,20,20,1800,20.0,0,1,1,0,0,0,0,0,0.05,0,0,,0.0,0.0,,,90,52.6,90.0,20,0,,18,0.85,25,37,-12,-0.6,-0.21,1,1,0,0,1,0,0,37.0,1.85,108.0,76.0,70.4,4.0,5.0,11.0,0.0,0.0,6.0,5.0,0.0,1.0,GK,,False,Goalkeeper,True,True,True,0.0,0.05,0.0,0.0,0.0,0.0,0.0,0.05,0.05,0.0,0.0,0.05,0.0,0.0
Noah Atubolu,de GER,GK,Freiburg,de Bundesliga,23.0,2002.0,34,34,3060,34.0,0,0,0,0,0,0,1,0,0.0,0,0,,0.0,0.0,,,90,100.0,90.0,34,0,,0,1.38,51,57,-6,-0.18,,0,6,0,0,1,0,0,57.0,1.68,156.0,100.0,63.5,13.0,8.0,13.0,6.0,17.6,1.0,0.0,1.0,0.0,GK,,False,Goalkeeper,True,True,True,0.0,0.0,0.0,0.029411764705882353,0.0,0.0,0.0,0.0,0.1764705882352941,0.0,0.0,0.029411764705882353,0.0,0.0
Emil Audero,id IDN,GK,Cremonese,it Serie A,28.0,1997.0,34,34,3060,34.0,0,0,0,0,0,0,0,0,0.0,0,0,,0.0,0.0,,,90,89.5,90.0,34,0,,2,0.91,28,50,-22,-0.65,0.1,0,6,0,0,0,0,0,50.0,1.47,167.0,123.0,72.5,8.0,7.0,19.0,11.0,32.4,6.0,4.0,2.0,0.0,GK,,False,Goalkeeper,True,True,True,0.0,0.0,0.0,0.0,0.0,0.0,0.0,0.0,0.1764705882352941,0.0,0.0,0.0,0.0,0.0
Mio Backhaus,de GER,GK,Werder Bremen,de Bundesliga,21.0,2004.0,32,32,2880,32.0,0,0,0,0,0,0,1,0,0.0,0,0,,0.0,0.0,,,90,94.1,90.0,32,0,,0,0.91,36,56,-20,-0.62,0.87,0,13,0,0,0,0,1,56.0,1.75,151.0,100.0,66.2,7.0,8.0,17.0,5.0,15.6,5.0,5.0,0.0,0.0,GK,,False,Goalkeeper,True,True,True,0.0,0.0,0.0,0.03125,0.0,0.0,0.0,0.0,0.40624999999999994,0.0,0.0,0.0,0.0,0.03125
Augusto Batalla,ar ARG,GK,Rayo Vallecano,es La Liga,29.0,1996.0,34,34,3060,34.0,0,0,0,0,0,0,6,0,0.0,0,0,,0.0,0.0,,,90,89.5,90.0,34,0,,2,1.31,36,37,-1,-0.03,0.47,1,4,0,0,0,1,0,37.0,1.09,122.0,91.0,73.8,10.0,13.0,11.0,11.0,32.4,6.0,5.0,1.0,0.0,GK,,False,Goalkeeper,True,True,True,0.0,0.0,0.0,0.1764705882352941,0.0,0.0,0.0,0.029411764705882353,0.11764705882352941,0.0,0.0,0.0,0.029411764705882353,0.0
Daniel Batz,de GER,GK,Mainz 05,de Bundesliga,34.0,1991.0,21,21,1890,21.0,0,0,0,0,0,0,2,0,0.0,0,0,,0.0,0.0,,,90,61.8,90.0,21,0,,4,1.62,32,27,5,0.24,1.32,0,1,0,0,0,0,0,27.0,1.29,96.0,70.0,72.9,9.0,7.0,5.0,4.0,19.0,1.0,1.0,0.0,0.0,GK,,False,Goalkeeper,True,True,True,0.0,0.0,0.0,0.09523809523809525,0.0,0.0,0.0,0.0,0.04761904761904762,0.0,0.0,0.0,0.0,0.0
Oliver Baumann,de GER,GK,Hoffenheim,de Bundesliga,35.0,1990.0,34,34,3060,34.0,0,0,0,0,0,0,3,0,0.0,0,0,,0.0,0.0,,,90,100.0,90.0,34,0,,0,1.79,65,52,13,0.38,,1,6,0,0,1,0,0,52.0,1.53,145.0,98.0,67.6,18.0,7.0,9.0,7.0,20.6,7.0,5.0,0.0,2.0,GK,,False,Goalkeeper,True,True,True,0.0,0.0,0.0,0.08823529411764705,0.0,0.0,0.0,0.029411764705882353,0.1764705882352941,0.0,0.0,0.029411764705882353,0.0,0.0
Justin Bijlow,nl NED,GK,Genoa,it Serie A,27.0,1998.0,16,16,1395,15.5,0,0,0,0,0,0,1,0,0.0,0,0,,0.0,0.0,,,87,40.8,87.0,15,0,,1,1.31,19,20,-1,-0.06,0.34,1,1,0,0,0,0,0,20.0,1.29,60.0,45.0,75.0,6.0,3.0,7.0,5.0,31.3,5.0,5.0,0.0,0.0,GK,,False,Goalkeeper,True,True,True,0.0,0.0,0.0,0.06451612903225806,0.0,0.0,0.0,0.06451612903225806,0.06451612903225806,0.0,0.0,0.0,0.0,0.0
Janis Blaswich,de GER,GK,Leverkusen,de Bundesliga,34.0,1991.0,11,10,931,10.3,0,0,0,0,0,0,1,0,0.0,0,0,,0.0,0.0,,,85,30.4,90.0,10,1,31.0,21,1.73,17,9,8,0.77,0.22,0,0,0,0,0,0,0,9.0,0.87,50.0,41.0,82.0,5.0,4.0,1.0,3.0,30.0,0.0,0.0,0.0,0.0,GK,,False,Goalkeeper,True,True,False,0.0,0.0,0.0,0.09667024704618689,0.0,0.0,0.0,0.0,0.0,0.0,0.0,0.0,0.0,0.0
Jean Butez,fr FRA,GK,Como,it Serie A,30.0,1995.0,38,38,3420,38.0,0,1,1,0,0,0,3,0,0.03,0,0,,0.0,0.0,,,90,100.0,90.0,38,0,,0,1.87,65,29,36,0.95,,0,9,0,0,0,2,0,29.0,0.76,110.0,86.0,78.2,20.0,11.0,7.0,19.0,50.0,6.0,5.0,1.0,0.0,GK,,False,Goalkeeper,True,True,True,0.0,0.026315789473684213,0.0,0.07894736842105263,0.0,0.0,0.0,0.0,0.23684210526315788,0.0,0.0,0.0,0.052631578947368425,0.0
Elia Caprile,it ITA,GK,Cagliari,it Serie A,23.0,2001.0,38,38,3420,38.0,0,0,0,0,0,0,2,0,0.0,0,0,,0.0,0.0,,,90,100.0,90.0,38,0,,0,1.13,40,53,-13,-0.34,,0,8,0,0,0,0,0,53.0,1.39,173.0,121.0,70.5,11.0,10.0,17.0,8.0,21.1,2.0,2.0,0.0,0.0,GK,,False,Goalkeeper,True,True,True,0.0,0.0,0.0,0.052631578947368425,0.0,0.0,0.0,0.0,0.2105263157894737,0.0,0.0,0.0,0.0,0.0
Marco Carnesecchi,it ITA,GK,Atalanta,it Serie A,25.0,2000.0,37,37,3330,37.0,0,0,0,0,0,0,0,0,0.0,0,0,,0.0,0.0,,,90,97.4,90.0,37,0,,1,1.57,50,35,15,0.41,0.41,1,6,0,1,0,0,0,35.0,0.95,144.0,112.0,77.1,15.0,13.0,9.0,13.0,35.1,4.0,2.0,2.0,0.0,GK,,False,Goalkeeper,True,True,True,0.0,0.0,0.0,0.0,0.0,0.0,0.0,0.027027027027027025,0.16216216216216217,0.0,0.027027027027027025,0.0,0.0,0.0
Lucas Chevalier,fr FRA,GK,Paris Saint-Germain,fr Ligue 1,23.0,2001.0,17,17,1530,17.0,0,0,0,0,0,0,0,0,0.0,0,0,,0.0,0.0,,,90,50.0,90.0,17,0,,12,2.29,33,13,20,1.18,-0.29,0,1,0,0,0,0,0,13.0,0.76,43.0,32.0,72.1,12.0,3.0,2.0,9.0,52.9,3.0,1.0,1.0,1.0,GK,,False,Goalkeeper,True,True,True,0.0,0.0,0.0,0.0,0.0,0.0,0.0,0.0,0.058823529411764705,0.0,0.0,0.0,0.0,0.0
Edoardo Corvi,it ITA,GK,Parma,it Serie A,24.0,2001.0,17,17,1530,17.0,0,0,0,0,0,0,1,0,0.0,0,0,,0.0,0.0,,,90,44.7,90.0,17,0,,21,1.65,14,18,-4,-0.24,0.43,0,5,0,0,0,0,0,18.0,1.06,60.0,44.0,75.0,8.0,4.0,5.0,7.0,41.2,3.0,3.0,0.0,0.0,GK,,False,Goalkeeper,True,True,True,0.0,0.0,0.0,0.058823529411764705,0.0,0.0,0.0,0.0,0.29411764705882354,0.0,0.0,0.0,0.0,0.0
Grégoire Coudert,fr FRA,GK,Brest,fr Ligue 1,26.0,1999.0,25,24,2192,24.4,0,0,0,0,0,0,2,0,0.0,0,0,,0.0,0.0,,,88,71.6,90.0,24,1,32.0,9,1.28,34,40,-6,-0.25,0.38,1,8,0,0,0,0,0,40.0,1.64,112.0,76.0,67.0,9.0,5.0,10.0,6.0,25.0,4.0,3.0,1.0,0.0,GK,,False,Goalkeeper,True,True,True,0.0,0.0,0.0,0.08211678832116788,0.0,0.0,0.0,0.04105839416058394,0.3284671532846715,0.0,0.0,0.0,0.0,0.0
Thibaut Courtois,be BEL,GK,Real Madrid,es La Liga,33.0,1992.0,32,32,2880,32.0,0,0,0,0,0,0,1,0,0.0,0,0,,0.0,0.0,,,90,84.2,90.0,32,0,,0,2.34,67,28,39,1.22,0.72,1,2,0,0,0,1,0,28.0,0.87,94.0,70.0,74.5,24.0,3.0,5.0,13.0,40.6,4.0,4.0,0.0,0.0,GK,,False,Goalkeeper,True,True,True,0.0,0.0,0.0,0.03125,0.0,0.0,0.0,0.03125,0.0625,0.0,0.0,0.0,0.03125,0.0
Finn Dahmen,de GER,GK,Augsburg,de Bundesliga,27.0,1998.0,34,34,3060,34.0,0,0,0,0,0,0,1,0,0.0,1,0,0.0,0.03,0.0,0.0,,90,100.0,90.0,34,0,,0,1.26,45,61,-16,-0.47,,0,9,0,0,0,0,0,61.0,1.79,159.0,105.0,65.4,12.0,7.0,15.0,5.0,14.7,7.0,6.0,1.0,0.0,GK,,False,Goalkeeper,True,True,True,0.0,0.0,0.0,0.029411764705882353,0.0,0.029411764705882353,0.0,0.0,0.2647058823529412,0.0,0.0,0.0,0.0,0.0
Karl Darlow,wls WAL,GK,Leeds United,eng Premier League,34.0,1990.0,22,22,1980,22.0,0,0,0,0,0,0,1,0,0.0,0,0,,0.0,0.0,,,90,57.9,90.0,22,0,,15,1.32,26,27,-1,-0.05,0.33,0,7,0,0,0,0,0,27.0,1.23,88.0,63.0,71.6,7.0,8.0,7.0,5.0,22.7,2.0,2.0,0.0,0.0,GK,,False,Goalkeeper,True,True,True,0.0,0.0,0.0,0.045454545454545456,0.0,0.0,0.0,0.0,0.3181818181818182,0.0,0.0,0.0,0.0,0.0
Michele Di Gregorio,it ITA,GK,Juventus,it Serie A,28.0,1997.0,30,29,2655,29.5,0,0,0,0,0,0,1,0,0.0,0,0,,0.0,0.0,,,89,77.6,90.0,29,1,45.0,8,1.9,46,25,21,0.71,0.01,0,5,0,0,0,0,0,25.0,0.85,85.0,60.0,71.8,15.0,9.0,5.0,14.0,48.3,3.0,1.0,0.0,2.0,GK,,False,Goalkeeper,True,True,True,0.0,0.0,0.0,0.03389830508474576,0.0,0.0,0.0,0.0,0.1694915254237288,0.0,0.0,0.0,0.0,0.0
Mory Diaw,sn SEN,GK,Le Havre,fr Ligue 1,32.0,1993.0,30,30,2655,29.5,0,1,1,0,0,0,1,0,0.03,0,0,,0.0,0.0,,,89,86.8,89.0,29,0,,1,1.0,28,41,-13,-0.44,-0.66,0,6,0,0,2,0,0,41.0,1.39,113.0,80.0,69.0,6.0,12.0,12.0,7.0,23.3,8.0,6.0,2.0,0.0,GK,,False,Goalkeeper,True,True,True,0.0,0.03389830508474576,0.0,0.03389830508474576,0.0,0.0,0.0,0.0,0.2033898305084746,0.0,0.0,0.06779661016949153,0.0,0.0
Stole Dimitrievski,mk MKD,GK,Valencia,es La Liga,31.0,1993.0,20,20,1800,20.0,0,0,0,0,0,0,1,0,0.0,0,0,,0.0,0.0,,,90,52.6,90.0,20,0,,15,1.65,29,25,4,0.2,0.92,0,4,0,0,1,0,0,25.0,1.25,74.0,52.0,70.3,10.0,3.0,7.0,5.0,25.0,4.0,3.0,0.0,1.0,GK,,False,Goalkeeper,True,True,True,0.0,0.0,0.0,0.05,0.0,0.0,0.0,0.0,0.2,0.0,0.0,0.05,0.0,0.0
Yehvann Diouf,sn SEN,GK,Nice,fr Ligue 1,25.0,1999.0,26,26,2340,26.0,0,0,0,0,0,0,1,0,0.0,0,0,,0.0,0.0,,,90,76.5,90.0,26,0,,6,0.96,26,45,-19,-0.73,-0.23,0,4,0,0,2,0,0,45.0,1.73,130.0,91.0,69.2,6.0,7.0,13.0,5.0,19.2,7.0,5.0,1.0,1.0,GK,,False,Goalkeeper,True,True,True,0.0,0.0,0.0,0.038461538461538464,0.0,0.0,0.0,0.0,0.15384615384615385,0.0,0.0,0.07692307692307693,0.0,0.0
Matías Dituro,ar ARG,GK,Elche,es La Liga,38.0,1987.0,22,22,1980,22.0,0,0,0,0,0,0,1,0,0.0,0,0,,0.0,0.0,,,90,57.9,90.0,22,0,,16,1.36,28,29,-1,-0.05,0.39,0,7,0,0,1,0,0,29.0,1.32,89.0,64.0,71.9,7.0,9.0,6.0,4.0,18.2,5.0,4.0,0.0,1.0,GK,,False,Goalkeeper,True,True,True,0.0,0.0,0.0,0.045454545454545456,0.0,0.0,0.0,0.0,0.3181818181818182,0.0,0.0,0.045454545454545456,0.0,0.0
Marko Dmitrović,rs SRB,GK,Espanyol,es La Liga,33.0,1992.0,37,37,3330,37.0,0,0,0,0,0,0,0,0,0.0,0,0,,0.0,0.0,,,90,97.4,90.0,37,0,,1,1.22,42,54,-12,-0.32,-0.32,0,5,0,0,0,2,0,54.0,1.46,182.0,133.0,73.1,12.0,9.0,16.0,10.0,27.0,5.0,5.0,0.0,0.0,GK,,False,Goalkeeper,True,True,True,0.0,0.0,0.0,0.0,0.0,0.0,0.0,0.0,0.13513513513513514,0.0,0.0,0.0,0.05405405405405405,0.0
Gianluigi Donnarumma,it ITA,GK,Manchester City,eng Premier League,26.0,1999.0,34,34,3060,34.0,0,0,0,0,0,0,8,0,0.0,0,0,,0.0,0.0,,,90,89.5,90.0,34,0,,0,2.21,71,29,42,1.24,1.24,0,4,0,0,1,0,0,29.0,0.85,105.0,75.0,72.4,22.0,9.0,3.0,15.0,44.1,1.0,0.0,1.0,0.0,GK,,False,Goalkeeper,True,True,True,0.0,0.0,0.0,0.23529411764705882,0.0,0.0,0.0,0.0,0.11764705882352941,0.0,0.0,0.029411764705882353,0.0,0.0
Martin Dúbravka,sk SVK,GK,Burnley,eng Premier League,36.0,1989.0,35,35,3150,35.0,0,0,0,0,0,0,1,0,0.0,0,0,,0.0,0.0,,,90,92.1,90.0,35,0,,3,0.57,35,71,-36,-1.03,-0.7,0,8,0,0,0,1,0,71.0,2.03,192.0,127.0,66.1,4.0,8.0,23.0,4.0,11.4,7.0,6.0,0.0,1.0,GK,,False,Goalkeeper,True,True,True,0.0,0.0,0.0,0.02857142857142857,0.0,0.0,0.0,0.0,0.22857142857142856,0.0,0.0,0.0,0.02857142857142857,0.0
Aarón Escandell,es ESP,GK,Oviedo,es La Liga,29.0,1995.0,36,36,3240,36.0,0,1,1,0,0,0,3,0,0.03,0,0,,0.0,0.0,,,90,94.7,90.0,36,0,,2,0.81,26,56,-30,-0.83,1.17,1,8,0,0,0,0,0,56.0,1.56,194.0,145.0,73.7,6.0,11.0,19.0,10.0,27.8,7.0,5.0,2.0,0.0,GK,,False,Goalkeeper,True,True,True,0.0,0.027777777777777776,0.0,0.08333333333333334,0.0,0.0,0.0,0.027777777777777776,0.2222222222222222,0.0,0.0,0.0,0.0,0.0
Wladimiro Falcone,it ITA,GK,Lecce,it Serie A,30.0,1995.0,38,38,3420,38.0,0,0,0,0,0,0,2,0,0.0,0,0,,0.0,0.0,,,90,100.0,90.0,38,0,,0,1.0,28,50,-22,-0.58,,0,8,0,0,0,2,0,50.0,1.32,152.0,108.0,69.7,10.0,8.0,20.0,10.0,26.3,6.0,4.0,2.0,0.0,GK,,False,Goalkeeper,True,True,True,0.0,0.0,0.0,0.052631578947368425,0.0,0.0,0.0,0.0,0.2105263157894737,0.0,0.0,0.0,0.052631578947368425,0.0
Jonathan Fischer,dk DEN,GK,Metz,fr Ligue 1,23.0,2001.0,27,26,2354,26.2,0,0,0,0,0,0,0,0,0.0,0,0,,0.0,0.0,,,87,76.9,90.0,26,1,14.0,7,0.52,25,56,-31,-1.19,0.47,0,4,0,0,0,0,0,56.0,2.14,141.0,92.0,64.5,3.0,5.0,18.0,5.0,19.2,7.0,6.0,1.0,0.0,GK,,False,Goalkeeper,True,True,True,0.0,0.0,0.0,0.0,0.0,0.0,0.0,0.0,0.15293118096856415,0.0,0.0,0.0,0.0,0.0
Mark Flekken,nl NED,GK,Leverkusen,de Bundesliga,32.0,1993.0,24,24,2129,23.7,0,0,0,0,0,0,2,0,0.0,0,0,,0.0,0.0,,,89,69.6,89.0,23,0,,0,1.67,51,38,13,0.55,-0.22,0,3,0,0,0,0,0,38.0,1.61,110.0,79.0,71.8,12.0,4.0,8.0,5.0,20.8,7.0,7.0,0.0,0.0,GK,,False,Goalkeeper,True,True,True,0.0,0.0,0.0,0.08454673555659935,0.0,0.0,0.0,0.0,0.12682010333489901,0.0,0.0,0.0,0.0,0.0
Joan García,es ESP,GK,Barcelona,es La Liga,24.0,2001.0,30,30,2700,30.0,0,0,0,0,0,0,1,0,0.0,0,0,,0.0,0.0,,,90,78.9,90.0,30,0,,2,2.73,81,21,60,2.0,2.12,0,4,0,0,1,4,0,21.0,0.7,92.0,74.0,80.4,27.0,1.0,2.0,15.0,50.0,3.0,3.0,0.0,0.0,GK,,False,Goalkeeper,True,True,True,0.0,0.0,0.0,0.03333333333333333,0.0,0.0,0.0,0.0,0.13333333333333333,0.0,0.0,0.03333333333333333,0.13333333333333333,0.0
Paulo Gazzaniga,ar ARG,GK,Girona,es La Liga,33.0,1992.0,35,35,3102,34.5,0,0,0,0,0,0,4,1,0.0,0,0,,0.0,0.0,,,89,90.7,89.0,34,0,,2,1.14,37,47,-10,-0.29,1.41,1,5,0,0,0,1,0,47.0,1.36,158.0,115.0,72.8,9.0,13.0,13.0,6.0,17.1,5.0,4.0,0.0,1.0,GK,,False,Goalkeeper,True,True,True,0.0,0.0,0.0,0.11605415860735009,0.029013539651837523,0.0,0.0,0.029013539651837523,0.1450676982591876,0.0,0.0,0.0,0.029013539651837523,0.0
David de Gea,es ESP,GK,Fiorentina,it Serie A,34.0,1990.0,37,37,3330,37.0,0,0,0,0,0,0,0,0,0.0,0,0,,0.0,0.0,,,90,97.4,90.0,37,0,,1,1.11,40,49,-9,-0.24,-0.24,0,6,0,0,0,0,0,49.0,1.32,163.0,119.0,73.0,9.0,14.0,14.0,10.0,27.0,6.0,5.0,1.0,0.0,GK,,False,Goalkeeper,True,True,True,0.0,0.0,0.0,0.0,0.0,0.0,0.0,0.0,0.16216216216216217,0.0,0.0,0.0,0.0,0.0
Kamil Grabara,pl POL,GK,Wolfsburg,de Bundesliga,26.0,1999.0,34,34,3060,34.0,0,0,0,0,0,0,1,0,0.0,1,0,0.0,0.03,0.0,0.0,,90,100.0,90.0,34,0,,0,0.85,45,69,-24,-0.71,,0,2,0,0,1,1,0,69.0,2.03,179.0,120.0,65.4,7.0,8.0,19.0,2.0,5.9,12.0,7.0,3.0,2.0,GK,,False,Goalkeeper,True,True,True,0.0,0.0,0.0,0.029411764705882353,0.0,0.029411764705882353,0.0,0.0,0.058823529411764705,0.0,0.0,0.029411764705882353,0.029411764705882353,0.0
Dominik Greif,sk SVK,GK,Lyon,fr Ligue 1,28.0,1997.0,29,29,2610,29.0,0,1,1,0,0,0,1,0,0.03,0,0,,0.0,0.0,,,90,85.3,90.0,29,0,,4,1.72,47,37,10,0.34,-0.26,0,6,0,0,0,0,0,37.0,1.28,110.0,77.0,68.2,15.0,5.0,9.0,11.0,37.9,5.0,2.0,3.0,0.0,GK,,False,Goalkeeper,True,True,True,0.0,0.034482758620689655,0.0,0.034482758620689655,0.0,0.0,0.0,0.0,0.20689655172413793,0.0,0.0,0.0,0.0,0.0
Péter Gulácsi,hu HUN,GK,RB Leipzig,de Bundesliga,35.0,1990.0,23,23,2008,22.3,0,0,0,0,0,0,1,0,0.0,0,0,,0.0,0.0,,,87,65.6,87.0,22,0,,6,1.74,41,32,9,0.4,-0.45,0,0,0,0,0,0,0,32.0,1.43,83.0,52.0,63.9,12.0,4.0,7.0,9.0,39.1,2.0,2.0,0.0,0.0,GK,,False,Goalkeeper,True,True,True,0.0,0.0,0.0,0.044820717131474105,0.0,0.0,0.0,0.0,0.0,0.0,0.0,0.0,0.0,0.0
Dean Henderson,eng ENG,GK,Crystal Palace,eng Premier League,28.0,1997.0,37,37,3330,37.0,0,0,0,0,0,0,5,0,0.0,0,0,,0.0,0.0,,,90,97.4,90.0,37,0,,0,1.19,41,51,-10,-0.27,-0.27,2,5,0,0,1,0,0,51.0,1.38,150.0,104.0,69.3,11.0,11.0,15.0,11.0,29.7,6.0,5.0,1.0,0.0,GK,,False,Goalkeeper,True,True,True,0.0,0.0,0.0,0.13513513513513514,0.0,0.0,0.0,0.05405405405405405,0.13513513513513514,0.0,0.0,0.027027027027027025,0.0,0.0
Mads Hermansen,dk DEN,GK,West Ham United,eng Premier League,25.0,2000.0,18,18,1620,18.0,0,1,1,0,0,0,0,0,0.06,0,0,,0.0,0.0,,,90,47.4,90.0,18,0,,20,1.22,21,28,-7,-0.39,0.21,0,2,0,0,0,0,0,28.0,1.56,81.0,53.0,66.7,6.0,4.0,8.0,7.0,38.9,1.0,1.0,0.0,0.0,GK,,False,Goalkeeper,True,True,True,0.0,0.05555555555555555,0.0,0.0,0.0,0.0,0.0,0.0,0.1111111111111111,0.0,0.0,0.0,0.0,0.0
Sergio Herrera,es ESP,GK,Osasuna,es La Liga,32.0,1993.0,37,37,3284,36.5,0,0,0,0,0,0,3,1,0.0,0,0,,0.0,0.0,,,89,96.0,89.0,36,0,,0,1.14,43,47,-4,-0.11,1.21,3,5,0,0,0,0,0,47.0,1.29,152.0,113.0,74.3,11.0,9.0,17.0,7.0,18.9,8.0,8.0,0.0,0.0,GK,,False,Goalkeeper,True,True,True,0.0,0.0,0.0,0.08221680876979293,0.02740560292326431,0.0,0.0,0.08221680876979293,0.13702801461632155,0.0,0.0,0.0,0.0,0.0
Daniel Heuer Fernandes,pt POR,GK,Hamburger SV,de Bundesliga,32.0,1992.0,33,33,2970,33.0,0,0,0,0,0,0,3,0,0.0,1,0,0.0,0.03,0.0,0.0,,90,97.1,90.0,33,0,,1,1.12,39,53,-14,-0.42,-0.42,0,4,0,0,0,0,0,53.0,1.61,150.0,105.0,68.7,9.0,10.0,14.0,6.0,18.2,10.0,6.0,2.0,2.0,GK,,False,Goalkeeper,True,True,True,0.0,0.0,0.0,0.09090909090909091,0.0,0.030303030303030304,0.0,0.0,0.12121212121212122,0.0,0.0,0.0,0.0,0.0
Lukáš Hrádecký,fi FIN,GK,Monaco,fr Ligue 1,35.0,1989.0,17,17,1439,16.0,0,0,0,0,0,0,1,0,0.0,0,0,,0.0,0.0,,,85,47.0,85.0,15,0,,0,1.35,24,27,-3,-0.19,-0.69,0,0,0,0,0,1,0,27.0,1.69,70.0,45.0,64.3,7.0,2.0,8.0,2.0,11.8,3.0,2.0,0.0,1.0,GK,,False,Goalkeeper,True,True,True,0.0,0.0,0.0,0.06254343293954134,0.0,0.0,0.0,0.0,0.0,0.0,0.0,0.0,0.06254343293954134,0.0
Sam Johnstone,eng ENG,GK,Wolves,eng Premier League,32.0,1993.0,12,12,1080,12.0,0,0,0,0,0,0,0,0,0.0,0,0,,0.0,0.0,,,90,31.6,90.0,12,0,,18,0.17,6,24,-18,-1.5,-0.62,0,0,0,0,0,1,1,24.0,2.0,62.0,39.0,62.9,0.0,2.0,10.0,0.0,0.0,1.0,1.0,0.0,0.0,GK,,False,Goalkeeper,True,True,False,0.0,0.0,0.0,0.0,0.0,0.0,0.0,0.0,0.0,0.0,0.0,0.0,0.08333333333333334,0.08333333333333334
Luiz Lúcio Reis Júnior,br BRA,GK,Villarreal,es La Liga,24.0,2001.0,28,28,2520,28.0,0,0,0,0,0,0,3,0,0.0,0,0,,0.0,0.0,,,90,73.7,90.0,28,0,,10,2.04,51,30,21,0.75,0.25,2,4,0,0,1,0,0,30.0,1.07,96.0,72.0,74.0,18.0,3.0,7.0,8.0,28.6,6.0,5.0,1.0,0.0,GK,,False,Goalkeeper,True,True,True,0.0,0.0,0.0,0.10714285714285715,0.0,0.0,0.0,0.07142857142857142,0.14285714285714285,0.0,0.0,0.03571428571428571,0.0,0.0
Caoimhín Kelleher,ie IRL,GK,Brentford,eng Premier League,26.0,1998.0,37,37,3330,37.0,0,0,0,0,0,0,1,0,0.0,0,0,,0.0,0.0,,,90,97.4,90.0,37,0,,0,1.35,51,49,2,0.05,-0.95,3,6,0,0,1,0,0,49.0,1.32,146.0,105.0,69.9,13.0,11.0,13.0,10.0,27.0,8.0,5.0,3.0,0.0,GK,,False,Goalkeeper,True,True,True,0.0,0.0,0.0,0.027027027027027025,0.0,0.0,0.0,0.08108108108108109,0.16216216216216217,0.0,0.0,0.027027027027027025,0.0,0.0
Gregor Kobel,ch SUI,GK,Dortmund,de Bundesliga,27.0,1997.0,34,34,3060,34.0,0,0,0,0,0,0,3,0,0.0,0,0,,0.0,0.0,,,90,100.0,90.0,34,0,,0,2.15,70,34,36,1.06,,0,5,0,0,0,0,0,34.0,1.0,117.0,88.0,75.2,22.0,7.0,5.0,15.0,44.1,5.0,5.0,0.0,0.0,GK,,False,Goalkeeper,True,True,True,0.0,0.0,0.0,0.08823529411764705,0.0,0.0,0.0,0.0,0.14705882352941177,0.0,0.0,0.0,0.0,0.0
Hervé Koffi,bf BFA,GK,Angers,fr Ligue 1,28.0,1996.0,30,30,2658,29.5,0,0,0,0,0,0,1,0,0.0,0,0,,0.0,0.0,,,89,86.9,89.0,29,0,,0,1.2,25,36,-11,-0.37,1.42,1,11,0,0,0,2,0,36.0,1.22,152.0,120.0,78.3,9.0,9.0,12.0,10.0,33.3,6.0,3.0,2.0,1.0,GK,,False,Goalkeeper,True,True,True,0.0,0.0,0.0,0.03386004514672686,0.0,0.0,0.0,0.03386004514672686,0.3724604966139955,0.0,0.0,0.0,0.06772009029345372,0.0
Philipp Köhn,ch SUI,GK,Monaco,fr Ligue 1,27.0,1998.0,19,17,1621,18.0,0,0,0,0,0,0,1,0,0.0,0,0,,0.0,0.0,,,85,53.0,90.0,17,2,46.0,15,1.79,36,27,9,0.5,0.69,0,3,0,0,1,0,0,27.0,1.5,73.0,48.0,65.8,9.0,4.0,4.0,5.0,29.4,2.0,2.0,0.0,0.0,GK,,False,Goalkeeper,True,True,True,0.0,0.0,0.0,0.05552128315854411,0.0,0.0,0.0,0.0,0.16656384947563233,0.0,0.0,0.05552128315854411,0.0,0.0
Senne Lammens,be BEL,GK,Manchester Utd,eng Premier League,23.0,2002.0,32,32,2880,32.0,0,0,0,0,0,0,0,0,0.0,0,0,,0.0,0.0,,,90,84.2,90.0,32,0,,3,2.0,62,39,23,0.72,1.39,0,4,0,0,0,1,0,39.0,1.22,114.0,78.0,69.3,18.0,10.0,4.0,8.0,25.0,4.0,4.0,0.0,0.0,GK,,False,Goalkeeper,True,True,True,0.0,0.0,0.0,0.0,0.0,0.0,0.0,0.0,0.125,0.0,0.0,0.0,0.03125,0.0
Nicola Leali,it ITA,GK,Genoa,it Serie A,32.0,1993.0,22,21,1847,20.5,0,0,0,0,0,0,2,1,0.0,0,0,,0.0,0.0,,,84,54.0,86.0,20,1,45.0,15,0.91,21,27,-6,-0.29,-0.06,2,2,0,0,1,0,0,28.0,1.36,84.0,58.0,69.0,4.0,8.0,9.0,4.0,19.0,2.0,2.0,0.0,0.0,GK,,False,Goalkeeper,True,True,True,0.0,0.0,0.0,0.09745533297238766,0.04872766648619383,0.0,0.0,0.09745533297238766,0.09745533297238766,0.0,0.0,0.04872766648619383,0.0,0.0
Bernd Leno,de GER,GK,Fulham,eng Premier League,33.0,1992.0,38,38,3420,38.0,0,0,0,0,0,0,3,0,0.0,0,0,,0.0,0.0,,,90,100.0,90.0,38,0,,0,1.37,47,51,-4,-0.11,,0,6,0,0,1,1,1,51.0,1.34,146.0,98.0,67.1,15.0,7.0,16.0,9.0,23.7,4.0,3.0,0.0,1.0,GK,,False,Goalkeeper,True,True,True,0.0,0.0,0.0,0.07894736842105263,0.0,0.0,0.0,0.0,0.15789473684210525,0.0,0.0,0.026315789473684213,0.026315789473684213,0.026315789473684213
Donovan Léon,gf GUF,GK,Auxerre,fr Ligue 1,32.0,1992.0,29,29,2460,27.3,0,0,0,0,0,0,1,2,0.0,0,0,,0.0,0.0,,,85,80.4,85.0,26,0,,0,1.03,24,35,-11,-0.4,-0.55,3,7,0,0,0,2,0,35.0,1.28,127.0,95.0,74.0,7.0,9.0,13.0,9.0,31.0,3.0,2.0,1.0,0.0,GK,,False,Goalkeeper,True,True,True,0.0,0.0,0.0,0.036585365853658534,0.07317073170731707,0.0,0.0,0.10975609756097561,0.25609756097560976,0.0,0.0,0.0,0.07317073170731707,0.0
Anthony Lopes,pt POR,GK,Nantes,fr Ligue 1,34.0,1990.0,32,32,2878,32.0,0,0,0,0,0,0,4,0,0.0,2,0,0.0,0.06,0.0,0.0,,90,94.1,90.0,31,0,,0,0.59,25,51,-26,-0.81,-2.3,1,14,0,0,1,1,0,50.0,1.56,143.0,98.0,68.5,4.0,7.0,20.0,7.0,21.9,5.0,5.0,0.0,0.0,GK,,False,Goalkeeper,True,True,True,0.0,0.0,0.0,0.1250868658790827,0.0,0.06254343293954134,0.0,0.03127171646977067,0.43780403057678946,0.0,0.0,0.03127171646977067,0.03127171646977067,0.0
Mike Maignan,fr FRA,GK,Milan,it Serie A,30.0,1995.0,37,37,3295,36.6,0,0,0,0,0,0,4,0,0.0,0,0,,0.0,0.0,,,89,96.3,89.0,36,0,,0,1.81,49,35,14,0.38,-2.5,0,6,0,0,1,0,0,35.0,0.96,134.0,106.0,77.6,19.0,10.0,8.0,14.0,37.8,8.0,5.0,2.0,1.0,GK,,False,Goalkeeper,True,True,True,0.0,0.0,0.0,0.10925644916540213,0.0,0.0,0.0,0.0,0.1638846737481032,0.0,0.0,0.027314112291350532,0.0,0.0
Emiliano Martínez,ar ARG,GK,Aston Villa,eng Premier League,32.0,1992.0,32,32,2835,31.5,0,1,1,0,0,0,2,0,0.03,0,0,,0.0,0.0,,,89,82.9,89.0,31,0,,0,1.69,46,39,7,0.22,0.22,0,17,0,0,0,0,0,39.0,1.24,133.0,95.0,70.7,16.0,6.0,10.0,8.0,25.0,1.0,0.0,1.0,0.0,GK,,False,Goalkeeper,True,True,True,0.0,0.03174603174603175,0.0,0.0634920634920635,0.0,0.0,0.0,0.0,0.5396825396825397,0.0,0.0,0.0,0.0,0.0
Alex Meret,it ITA,GK,Napoli,it Serie A,28.0,1997.0,11,11,979,10.9,0,1,1,0,0,0,1,0,0.09,0,0,,0.0,0.0,,,89,28.6,89.0,10,0,,15,2.45,20,12,8,0.74,0.22,1,1,0,0,1,0,0,12.0,1.1,31.0,21.0,67.7,9.0,0.0,2.0,4.0,36.4,2.0,2.0,0.0,0.0,GK,,False,Goalkeeper,True,True,False,0.0,0.09193054136874362,0.0,0.09193054136874362,0.0,0.0,0.0,0.09193054136874362,0.09193054136874362,0.0,0.0,0.09193054136874362,0.0,0.0
Vanja Milinković-Savić,rs SRB,GK,Napoli,it Serie A,28.0,1997.0,27,27,2430,27.0,0,1,1,0,0,0,0,0,0.04,0,0,,0.0,0.0,,,90,71.1,90.0,27,0,,9,1.81,38,24,14,0.52,-0.21,1,6,0,0,0,0,0,24.0,0.89,69.0,52.0,72.5,14.0,7.0,6.0,11.0,40.7,8.0,5.0,3.0,0.0,GK,,False,Goalkeeper,True,True,True,0.0,0.037037037037037035,0.0,0.0,0.0,0.0,0.0,0.037037037037037035,0.2222222222222222,0.0,0.0,0.0,0.0,0.0
Lorenzo Montipò,it ITA,GK,Hellas Verona,it Serie A,29.0,1996.0,35,35,3150,35.0,0,1,1,0,0,0,0,0,0.03,0,0,,0.0,0.0,,,90,92.1,90.0,35,0,,3,0.57,24,54,-30,-0.86,1.14,0,8,0,0,0,0,0,54.0,1.54,137.0,87.0,62.0,3.0,11.0,21.0,5.0,14.3,5.0,2.0,3.0,0.0,GK,,False,Goalkeeper,True,True,True,0.0,0.02857142857142857,0.0,0.0,0.0,0.0,0.0,0.0,0.22857142857142856,0.0,0.0,0.0,0.0,0.0
Arijanet Muric,xk KVX,GK,Sassuolo,it Serie A,26.0,1998.0,32,32,2880,32.0,0,0,0,0,0,0,4,0,0.0,0,0,,0.0,0.0,,,90,84.2,90.0,32,0,,6,1.31,40,43,-3,-0.09,0.07,1,3,0,0,0,0,0,43.0,1.34,155.0,118.0,75.5,12.0,6.0,14.0,6.0,18.8,6.0,5.0,1.0,0.0,GK,,False,Goalkeeper,True,True,True,0.0,0.0,0.0,0.125,0.0,0.0,0.0,0.03125,0.09375,0.0,0.0,0.0,0.0,0.0
Yvon Mvogo,ch SUI,GK,Lorient,fr Ligue 1,31.0,1994.0,31,31,2790,31.0,0,0,0,0,0,0,0,0,0.0,0,0,,0.0,0.0,,,90,91.2,90.0,31,0,,0,1.35,43,43,0,0.0,1.0,0,4,0,0,1,1,0,43.0,1.39,115.0,76.0,66.1,10.0,12.0,9.0,6.0,19.4,5.0,4.0,0.0,1.0,GK,,False,Goalkeeper,True,True,True,0.0,0.0,0.0,0.0,0.0,0.0,0.0,0.0,0.12903225806451613,0.0,0.0,0.03225806451612903,0.03225806451612903,0.0
Manuel Neuer,de GER,GK,Bayern Munich,de Bundesliga,39.0,1986.0,22,22,1859,20.7,0,0,0,0,0,0,0,0,0.0,0,0,,0.0,0.0,,,85,60.8,85.0,19,0,,7,2.73,81,20,61,2.95,1.08,0,2,0,0,0,0,0,20.0,0.97,50.0,31.0,62.0,19.0,3.0,0.0,7.0,31.8,1.0,1.0,0.0,0.0,GK,,False,Goalkeeper,True,True,True,0.0,0.0,0.0,0.0,0.0,0.0,0.0,0.0,0.09682625067240451,0.0,0.0,0.0,0.0,0.0
Moritz Nicolas,de GER,GK,Gladbach,de Bundesliga,27.0,1997.0,34,34,3060,34.0,0,0,0,0,0,0,1,0,0.0,0,0,,0.0,0.0,,,90,100.0,90.0,34,0,,0,1.12,42,53,-11,-0.32,,0,3,0,0,0,1,0,53.0,1.56,184.0,136.0,73.9,9.0,11.0,14.0,13.0,38.2,5.0,5.0,0.0,0.0,GK,,False,Goalkeeper,True,True,True,0.0,0.0,0.0,0.029411764705882353,0.0,0.0,0.0,0.0,0.08823529411764705,0.0,0.0,0.0,0.029411764705882353,0.0
Obed Nkambadio,fr FRA,GK,Paris FC,fr Ligue 1,22.0,2003.0,12,12,1080,12.0,0,0,0,0,0,0,0,0,0.0,0,0,,0.0,0.0,,,90,35.3,90.0,12,0,,21,1.0,18,21,-3,-0.25,-0.25,0,0,0,0,0,0,0,21.0,1.75,44.0,26.0,56.8,3.0,3.0,6.0,1.0,8.3,4.0,2.0,1.0,1.0,GK,,False,Goalkeeper,True,True,False,0.0,0.0,0.0,0.0,0.0,0.0,0.0,0.0,0.0,0.0,0.0,0.0,0.0,0.0
Alexander Nübel,de GER,GK,Stuttgart,de Bundesliga,28.0,1996.0,34,34,3060,34.0,0,1,1,0,0,0,0,0,0.03,0,0,,0.0,0.0,,,90,100.0,90.0,34,0,,0,1.82,71,49,22,0.65,,1,7,0,0,1,0,0,49.0,1.44,147.0,107.0,72.8,18.0,8.0,8.0,11.0,32.4,10.0,9.0,1.0,0.0,GK,,False,Goalkeeper,True,True,True,0.0,0.029411764705882353,0.0,0.0,0.0,0.0,0.0,0.029411764705882353,0.2058823529411765,0.0,0.0,0.029411764705882353,0.0,0.0
Jan Oblak,si SVN,GK,Atlético Madrid,es La Liga,32.0,1993.0,30,30,2700,30.0,0,0,0,0,0,0,0,0,0.0,0,0,,0.0,0.0,,,90,78.9,90.0,30,0,,3,1.9,51,31,20,0.67,0.92,0,4,0,0,0,0,0,31.0,1.03,104.0,75.0,72.1,17.0,6.0,7.0,11.0,36.7,3.0,2.0,0.0,1.0,GK,,False,Goalkeeper,True,True,True,0.0,0.0,0.0,0.0,0.0,0.0,0.0,0.0,0.13333333333333333,0.0,0.0,0.0,0.0,0.0
Maduka Okoye,ng NGA,GK,Udinese,it Serie A,25.0,1999.0,30,30,2616,29.1,0,0,0,0,0,0,1,1,0.0,0,0,,0.0,0.0,,,87,76.5,87.0,29,0,,1,1.37,37,32,5,0.17,1.07,2,4,0,0,0,0,0,37.0,1.27,111.0,80.0,71.2,12.0,5.0,13.0,10.0,33.3,6.0,5.0,1.0,0.0,GK,,False,Goalkeeper,True,True,True,0.0,0.0,0.0,0.034403669724770644,0.034403669724770644,0.0,0.0,0.06880733944954129,0.13761467889908258,0.0,0.0,0.0,0.0,0.0
Berke Özer,tr TUR,GK,Lille,fr Ligue 1,25.0,2000.0,32,32,2834,31.5,0,1,1,0,0,0,5,0,0.03,0,0,,0.0,0.0,,,89,92.6,89.0,31,0,,0,1.91,50,34,16,0.51,0.91,0,13,0,0,0,2,0,34.0,1.08,103.0,70.0,68.0,18.0,7.0,7.0,13.0,40.6,3.0,1.0,1.0,1.0,GK,,False,Goalkeeper,True,True,True,0.0,0.03175723359209598,0.0,0.1587861679604799,0.0,0.0,0.0,0.0,0.41284403669724773,0.0,0.0,0.0,0.06351446718419196,0.0
Alberto Paleari,it ITA,GK,Torino,it Serie A,32.0,1992.0,29,29,2610,29.0,0,0,0,0,0,0,1,0,0.0,0,0,,0.0,0.0,,,90,76.3,90.0,29,0,,9,1.28,35,45,-10,-0.34,0.66,0,7,0,0,1,0,0,45.0,1.55,125.0,82.0,65.6,10.0,7.0,12.0,9.0,31.0,2.0,2.0,0.0,0.0,GK,,False,Goalkeeper,True,True,True,0.0,0.0,0.0,0.034482758620689655,0.0,0.0,0.0,0.0,0.24137931034482757,0.0,0.0,0.034482758620689655,0.0,0.0
Iñaki Peña,es ESP,GK,Elche,es La Liga,26.0,1999.0,16,16,1440,16.0,0,0,0,0,0,0,0,0,0.0,0,0,,0.0,0.0,,,90,42.1,90.0,16,0,,20,0.81,21,28,-7,-0.44,-0.39,0,1,0,0,0,0,0,28.0,1.75,81.0,55.0,67.9,3.0,4.0,9.0,4.0,25.0,2.0,2.0,0.0,0.0,GK,,False,Goalkeeper,True,True,True,0.0,0.0,0.0,0.0,0.0,0.0,0.0,0.0,0.0625,0.0,0.0,0.0,0.0,0.0
Mike Penders,be BEL,GK,Strasbourg,fr Ligue 1,20.0,2005.0,33,33,2970,33.0,0,0,0,0,0,0,3,0,0.0,0,0,,0.0,0.0,,,90,97.1,90.0,33,0,,0,1.52,57,47,10,0.3,-0.7,1,2,0,0,0,0,0,47.0,1.42,149.0,107.0,71.1,14.0,8.0,11.0,8.0,24.2,5.0,4.0,1.0,0.0,GK,,False,Goalkeeper,True,True,True,0.0,0.0,0.0,0.09090909090909091,0.0,0.0,0.0,0.030303030303030304,0.06060606060606061,0.0,0.0,0.0,0.0,0.0
Lucas Perri,br BRA,GK,Leeds United,eng Premier League,27.0,1997.0,16,16,1440,16.0,0,0,0,0,0,0,2,0,0.0,0,0,,0.0,0.0,,,90,42.1,90.0,16,0,,18,1.13,23,29,-6,-0.37,-0.33,1,3,0,0,0,0,0,29.0,1.81,63.0,38.0,60.3,4.0,6.0,6.0,3.0,18.8,4.0,4.0,0.0,0.0,GK,,False,Goalkeeper,True,True,True,0.0,0.0,0.0,0.125,0.0,0.0,0.0,0.0625,0.1875,0.0,0.0,0.0,0.0,0.0
Đorđe Petrović,rs SRB,GK,Bournemouth,eng Premier League,25.0,1999.0,38,38,3420,38.0,0,0,0,0,0,0,3,0,0.0,0,0,,0.0,0.0,,,90,100.0,90.0,38,0,,0,1.5,58,54,4,0.11,,0,2,0,0,0,0,1,54.0,1.42,157.0,109.0,69.4,13.0,18.0,7.0,11.0,28.9,6.0,6.0,0.0,0.0,GK,,False,Goalkeeper,True,True,True,0.0,0.0,0.0,0.07894736842105263,0.0,0.0,0.0,0.0,0.052631578947368425,0.0,0.0,0.0,0.0,0.026315789473684213
Jordan Pickford,eng ENG,GK,Everton,eng Premier League,31.0,1994.0,38,38,3420,38.0,0,0,0,0,0,0,4,0,0.0,0,0,,0.0,0.0,,,90,100.0,90.0,38,0,,0,1.29,47,50,-3,-0.08,,1,6,0,0,0,1,0,50.0,1.32,145.0,99.0,67.6,13.0,10.0,15.0,11.0,28.9,4.0,3.0,1.0,0.0,GK,,False,Goalkeeper,True,True,True,0.0,0.0,0.0,0.10526315789473685,0.0,0.0,0.0,0.026315789473684213,0.15789473684210525,0.0,0.0,0.0,0.026315789473684213,0.0
Nick Pope,eng ENG,GK,Newcastle United,eng Premier League,33.0,1992.0,27,27,2416,26.8,0,0,0,0,0,0,2,0,0.0,1,1,100.0,0.04,0.04,0.0,0.0,89,70.6,89.0,26,0,,6,1.3,37,38,-1,-0.04,0.05,1,2,0,0,0,1,0,38.0,1.42,125.0,89.0,71.2,10.0,5.0,12.0,7.0,25.9,2.0,2.0,0.0,0.0,GK,,False,Goalkeeper,True,True,True,0.0,0.0,0.0,0.07450331125827815,0.0,0.037251655629139076,0.037251655629139076,0.037251655629139076,0.07450331125827815,0.0,0.0,0.0,0.037251655629139076,0.0
Ivan Provedel,it ITA,GK,Lazio,it Serie A,31.0,1994.0,27,27,2430,27.0,0,0,0,0,0,0,1,0,0.0,0,0,,0.0,0.0,,,90,71.1,90.0,27,0,,0,1.26,26,27,-1,-0.04,-0.22,0,2,0,0,0,0,0,27.0,1.0,112.0,87.0,78.6,8.0,10.0,9.0,12.0,44.4,4.0,3.0,1.0,0.0,GK,,False,Goalkeeper,True,True,True,0.0,0.0,0.0,0.037037037037037035,0.0,0.0,0.0,0.0,0.07407407407407407,0.0,0.0,0.0,0.0,0.0
Ionuț Radu,ro ROU,GK,Celta Vigo,es La Liga,28.0,1997.0,38,38,3420,38.0,0,0,0,0,0,0,2,0,0.0,0,0,,0.0,0.0,,,90,100.0,90.0,38,0,,0,1.42,53,48,5,0.13,,0,8,0,0,1,0,0,48.0,1.26,151.0,111.0,72.2,14.0,12.0,12.0,10.0,26.3,11.0,6.0,2.0,3.0,GK,,False,Goalkeeper,True,True,True,0.0,0.0,0.0,0.052631578947368425,0.0,0.0,0.0,0.0,0.2105263157894737,0.0,0.0,0.026315789473684213,0.0,0.0
Diant Ramaj,de GER,GK,Heidenheim,de Bundesliga,23.0,2001.0,31,31,2790,31.0,0,1,1,0,0,0,2,0,0.03,0,0,,0.0,0.0,,,90,91.2,90.0,31,0,,2,0.74,38,67,-29,-0.94,-0.27,2,2,0,0,0,0,0,67.0,2.16,162.0,100.0,61.7,5.0,8.0,18.0,1.0,3.2,6.0,5.0,0.0,1.0,GK,,False,Goalkeeper,True,True,True,0.0,0.03225806451612903,0.0,0.06451612903225806,0.0,0.0,0.0,0.06451612903225806,0.06451612903225806,0.0,0.0,0.0,0.0,0.0
Aaron Ramsdale,eng ENG,GK,Newcastle United,eng Premier League,27.0,1998.0,12,11,1004,11.2,0,0,0,0,0,0,2,0,0.0,0,0,,0.0,0.0,,,84,29.4,90.0,11,1,14.0,26,1.17,16,17,-1,-0.09,-0.05,0,1,0,0,0,0,0,17.0,1.52,38.0,24.0,63.2,4.0,2.0,5.0,1.0,9.1,3.0,3.0,0.0,0.0,GK,,False,Goalkeeper,True,True,False,0.0,0.0,0.0,0.17928286852589642,0.0,0.0,0.0,0.0,0.08964143426294821,0.0,0.0,0.0,0.0,0.0
Federico Ravaglia,it ITA,GK,Bologna,it Serie A,25.0,1999.0,17,16,1470,16.3,0,0,0,0,0,0,4,0,0.0,0,0,,0.0,0.0,,,86,43.0,90.0,16,1,30.0,20,0.88,16,29,-13,-0.8,-1.53,2,3,0,0,0,1,0,29.0,1.78,79.0,52.0,65.8,4.0,3.0,9.0,2.0,12.5,2.0,2.0,0.0,0.0,GK,,False,Goalkeeper,True,True,True,0.0,0.0,0.0,0.24489795918367346,0.0,0.0,0.0,0.12244897959183673,0.1836734693877551,0.0,0.0,0.0,0.061224489795918366,0.0
David Raya,es ESP,GK,Arsenal,eng Premier League,29.0,1995.0,37,37,3330,37.0,0,0,0,0,0,0,1,0,0.0,0,0,,0.0,0.0,,,90,97.4,90.0,37,0,,0,2.22,69,26,43,1.16,0.16,0,14,0,1,1,1,0,26.0,0.7,86.0,59.0,69.8,25.0,7.0,5.0,19.0,51.4,0.0,0.0,0.0,0.0,GK,,False,Goalkeeper,True,True,True,0.0,0.0,0.0,0.027027027027027025,0.0,0.0,0.0,0.0,0.3783783783783784,0.0,0.027027027027027025,0.027027027027027025,0.027027027027027025,0.0
Álex Remiro,es ESP,GK,Real Sociedad,es La Liga,30.0,1995.0,37,37,3330,37.0,0,0,0,0,0,0,1,0,0.0,0,0,,0.0,0.0,,,90,97.4,90.0,37,0,,0,1.22,58,60,-2,-0.05,-0.05,0,7,1,0,1,1,1,60.0,1.62,154.0,99.0,64.3,11.0,12.0,14.0,3.0,8.1,5.0,5.0,0.0,0.0,GK,,False,Goalkeeper,True,True,True,0.0,0.0,0.0,0.027027027027027025,0.0,0.0,0.0,0.0,0.1891891891891892,0.027027027027027025,0.0,0.027027027027027025,0.027027027027027025,0.027027027027027025
Guillaume Restes,fr FRA,GK,Toulouse,fr Ligue 1,20.0,2005.0,34,34,3029,33.7,0,0,0,0,0,0,3,0,0.0,0,0,,0.0,0.0,,,89,99.0,89.0,33,0,,0,1.29,46,45,1,0.03,0.03,0,8,0,0,1,0,0,45.0,1.34,125.0,85.0,68.0,12.0,8.0,13.0,10.0,29.4,5.0,5.0,0.0,0.0,GK,,False,Goalkeeper,True,True,True,0.0,0.0,0.0,0.08913832948167713,0.0,0.0,0.0,0.0,0.237702211951139,0.0,0.0,0.029712776493892375,0.0,0.0
Robin Risser,fr FRA,GK,Lens,fr Ligue 1,20.0,2004.0,33,33,2970,33.0,0,1,1,0,0,0,2,0,0.03,0,0,,0.0,0.0,,,90,97.1,90.0,33,0,,1,2.03,62,35,27,0.82,-3.18,0,5,0,0,0,0,0,35.0,1.06,106.0,76.0,69.8,21.0,4.0,8.0,11.0,33.3,6.0,3.0,2.0,1.0,GK,,False,Goalkeeper,True,True,True,0.0,0.030303030303030304,0.0,0.06060606060606061,0.0,0.0,0.0,0.0,0.15151515151515152,0.0,0.0,0.0,0.0,0.0
Robin Roefs,nl NED,GK,Sunderland,eng Premier League,22.0,2003.0,35,35,3150,35.0,0,0,0,0,0,0,4,0,0.0,0,0,,0.0,0.0,,,90,92.1,90.0,35,0,,0,1.37,39,46,-7,-0.2,-0.53,0,14,0,0,0,0,0,46.0,1.31,151.0,108.0,70.9,12.0,12.0,11.0,10.0,28.6,3.0,2.0,1.0,0.0,GK,,False,Goalkeeper,True,True,True,0.0,0.0,0.0,0.11428571428571428,0.0,0.0,0.0,0.0,0.4,0.0,0.0,0.0,0.0,0.0
Leo Román,es ESP,GK,Mallorca,es La Liga,25.0,2000.0,33,33,2970,33.0,0,0,0,0,0,0,4,0,0.0,0,0,,0.0,0.0,,,90,86.8,90.0,33,0,,0,1.12,43,50,-7,-0.21,0.39,1,2,0,0,1,1,0,50.0,1.52,142.0,99.0,69.0,10.0,7.0,16.0,4.0,12.1,8.0,6.0,1.0,1.0,GK,,False,Goalkeeper,True,True,True,0.0,0.0,0.0,0.12121212121212122,0.0,0.0,0.0,0.030303030303030304,0.06060606060606061,0.0,0.0,0.030303030303030304,0.030303030303030304,0.0
Gerónimo Rulli,ar ARG,GK,Marseille,fr Ligue 1,33.0,1992.0,29,29,2610,29.0,0,0,0,0,0,0,3,0,0.0,1,0,0.0,0.03,0.0,0.0,,90,85.3,90.0,29,0,,3,1.77,53,35,18,0.62,0.62,1,14,0,0,0,0,0,34.0,1.17,105.0,76.0,72.4,15.0,5.0,9.0,8.0,27.6,6.0,5.0,0.0,1.0,GK,,False,Goalkeeper,True,True,True,0.0,0.0,0.0,0.10344827586206896,0.0,0.034482758620689655,0.0,0.034482758620689655,0.48275862068965514,0.0,0.0,0.0,0.0,0.0
Mathew Ryan,au AUS,GK,Levante,es La Liga,33.0,1992.0,36,36,3240,36.0,0,0,0,0,0,0,4,0,0.0,2,0,0.0,0.06,0.0,0.0,,90,94.7,90.0,36,0,,0,1.17,44,56,-12,-0.33,0.67,0,1,0,0,1,1,0,56.0,1.56,176.0,124.0,69.9,11.0,9.0,16.0,9.0,25.0,4.0,3.0,1.0,0.0,GK,,False,Goalkeeper,True,True,True,0.0,0.0,0.0,0.1111111111111111,0.0,0.05555555555555555,0.0,0.0,0.027777777777777776,0.0,0.0,0.027777777777777776,0.027777777777777776,0.0
Frederik Rønnow,dk DEN,GK,Union Berlin,de Bundesliga,32.0,1992.0,30,30,2640,29.3,0,0,0,0,0,0,2,0,0.0,0,0,,0.0,0.0,,,88,86.3,88.0,29,0,,0,0.97,33,54,-21,-0.72,-2.22,1,3,0,0,1,1,0,54.0,1.84,125.0,75.0,61.6,7.0,8.0,15.0,5.0,16.7,6.0,6.0,0.0,0.0,GK,,False,Goalkeeper,True,True,True,0.0,0.0,0.0,0.06818181818181818,0.0,0.0,0.0,0.03409090909090909,0.10227272727272727,0.0,0.0,0.03409090909090909,0.03409090909090909,0.0
José Sá,pt POR,GK,Wolves,eng Premier League,32.0,1993.0,23,23,2070,23.0,0,0,0,0,0,0,2,0,0.0,0,0,,0.0,0.0,,,90,60.5,90.0,23,0,,11,0.74,20,37,-17,-0.74,0.86,0,6,0,0,0,0,0,37.0,1.61,99.0,65.0,65.7,3.0,8.0,12.0,4.0,17.4,3.0,3.0,0.0,0.0,GK,,False,Goalkeeper,True,True,True,0.0,0.0,0.0,0.08695652173913043,0.0,0.0,0.0,0.0,0.2608695652173913,0.0,0.0,0.0,0.0,0.0
Matvei Safonov,ru RUS,GK,Paris Saint-Germain,fr Ligue 1,26.0,1999.0,15,15,1350,15.0,0,0,0,0,0,0,0,0,0.0,0,0,,0.0,0.0,,,90,44.1,90.0,15,0,,15,2.2,38,14,24,1.6,0.49,0,1,0,0,0,0,0,14.0,0.93,53.0,40.0,73.6,11.0,0.0,4.0,8.0,53.3,1.0,0.0,1.0,0.0,GK,,False,Goalkeeper,True,True,True,0.0,0.0,0.0,0.0,0.0,0.0,0.0,0.0,0.06666666666666667,0.0,0.0,0.0,0.0,0.0
Brice Samba,fr FRA,GK,Rennes,fr Ligue 1,31.0,1994.0,32,32,2880,32.0,0,0,0,0,0,0,5,0,0.0,0,0,,0.0,0.0,,,90,94.1,90.0,32,0,,0,1.84,57,44,13,0.41,2.41,1,7,0,0,0,1,0,44.0,1.37,123.0,84.0,67.5,17.0,8.0,7.0,10.0,31.3,6.0,4.0,2.0,0.0,GK,,False,Goalkeeper,True,True,True,0.0,0.0,0.0,0.15625,0.0,0.0,0.0,0.03125,0.21875,0.0,0.0,0.0,0.03125,0.0
Robert Sánchez,es ESP,GK,Chelsea,eng Premier League,27.0,1997.0,35,35,3039,33.8,0,1,1,0,0,0,3,1,0.03,0,0,,0.0,0.0,,,87,88.9,87.0,33,0,,1,1.34,50,47,3,0.09,-0.62,2,13,0,0,1,0,0,49.0,1.45,145.0,97.0,67.6,13.0,8.0,14.0,9.0,25.7,2.0,2.0,0.0,0.0,GK,,False,Goalkeeper,True,True,True,0.0,0.029615004935834157,0.0,0.08884501480750247,0.029615004935834157,0.0,0.0,0.059230009871668314,0.384995064165844,0.0,0.0,0.029615004935834157,0.0,0.0
Kauã Santos,br BRA,GK,Eintracht Frankfurt,de Bundesliga,22.0,2003.0,13,13,1084,12.0,0,0,0,0,0,0,0,0,0.0,0,0,,0.0,0.0,,,83,35.4,83.0,12,0,,12,1.0,27,32,-5,-0.42,-0.46,0,3,0,0,0,1,0,32.0,2.66,68.0,37.0,54.4,3.0,4.0,6.0,2.0,15.4,1.0,1.0,0.0,0.0,GK,,False,Goalkeeper,True,True,False,0.0,0.0,0.0,0.0,0.0,0.0,0.0,0.0,0.24907749077490773,0.0,0.0,0.0,0.08302583025830258,0.0
Marvin Schwäbe,de GER,GK,Köln,de Bundesliga,30.0,1995.0,34,34,3060,34.0,0,0,0,0,0,0,2,0,0.0,0,0,,0.0,0.0,,,90,100.0,90.0,34,0,,0,0.94,49,63,-14,-0.41,,1,4,0,0,3,1,0,63.0,1.85,148.0,92.0,60.8,7.0,11.0,16.0,3.0,8.8,7.0,5.0,2.0,0.0,GK,,False,Goalkeeper,True,True,True,0.0,0.0,0.0,0.058823529411764705,0.0,0.0,0.0,0.029411764705882353,0.11764705882352941,0.0,0.0,0.08823529411764705,0.029411764705882353,0.0
Matz Sels,be BEL,GK,Nottingham Forest,eng Premier League,33.0,1992.0,31,30,2668,29.6,0,0,0,0,0,0,2,0,0.0,0,0,,0.0,0.0,,,86,78.0,89.0,29,1,13.0,3,1.29,42,39,3,0.1,0.82,0,4,0,0,0,1,0,39.0,1.32,127.0,93.0,72.4,10.0,10.0,10.0,7.0,23.3,5.0,4.0,1.0,0.0,GK,,False,Goalkeeper,True,True,True,0.0,0.0,0.0,0.06746626686656672,0.0,0.0,0.0,0.0,0.13493253373313344,0.0,0.0,0.0,0.03373313343328336,0.0
Adrian Šemper,hr CRO,GK,Pisa,it Serie A,27.0,1998.0,25,25,2250,25.0,0,0,0,0,0,0,0,0,0.0,0,0,,0.0,0.0,,,90,65.8,90.0,25,0,,8,0.48,16,42,-26,-1.04,0.42,0,6,0,0,0,0,0,42.0,1.68,122.0,82.0,67.2,1.0,9.0,15.0,4.0,16.0,2.0,2.0,0.0,0.0,GK,,False,Goalkeeper,True,True,True,0.0,0.0,0.0,0.0,0.0,0.0,0.0,0.0,0.24,0.0,0.0,0.0,0.0,0.0
Unai Simón,es ESP,GK,Athletic Club,es La Liga,28.0,1997.0,37,37,3330,37.0,0,0,0,0,0,0,1,0,0.0,0,0,,0.0,0.0,,,90,97.4,90.0,37,0,,1,1.22,41,54,-13,-0.35,1.65,0,8,0,0,0,0,0,54.0,1.46,146.0,97.0,65.1,13.0,6.0,18.0,6.0,16.2,6.0,3.0,2.0,1.0,GK,,False,Goalkeeper,True,True,True,0.0,0.0,0.0,0.027027027027027025,0.0,0.0,0.0,0.0,0.2162162162162162,0.0,0.0,0.0,0.0,0.0
Antonio Sivera,es ESP,GK,Alavés,es La Liga,28.0,1996.0,38,38,3420,38.0,0,0,0,0,0,0,3,0,0.0,0,0,,0.0,0.0,,,90,100.0,90.0,38,0,,0,1.13,44,56,-12,-0.32,,1,1,0,0,0,1,1,56.0,1.47,148.0,97.0,65.5,11.0,10.0,17.0,5.0,13.2,5.0,5.0,0.0,0.0,GK,,False,Goalkeeper,True,True,True,0.0,0.0,0.0,0.07894736842105263,0.0,0.0,0.0,0.026315789473684213,0.026315789473684213,0.0,0.0,0.0,0.026315789473684213,0.026315789473684213
Łukasz Skorupski,pl POL,GK,Bologna,it Serie A,34.0,1991.0,19,19,1592,17.7,0,0,0,0,0,0,1,1,0.0,0,0,,0.0,0.0,,,84,46.5,84.0,17,0,,4,1.79,26,15,11,0.62,1.02,1,8,0,0,0,0,0,18.0,1.02,49.0,33.0,67.3,10.0,4.0,5.0,8.0,42.1,2.0,2.0,0.0,0.0,GK,,False,Goalkeeper,True,True,True,0.0,0.0,0.0,0.056532663316582916,0.056532663316582916,0.0,0.0,0.056532663316582916,0.45226130653266333,0.0,0.0,0.0,0.0,0.0
Yann Sommer,ch SUI,GK,Inter,it Serie A,36.0,1988.0,33,33,2960,32.9,0,0,0,0,0,0,0,0,0.0,0,0,,0.0,0.0,,,90,86.5,90.0,32,0,,5,2.24,76,30,46,1.4,-0.17,0,2,0,0,0,0,0,30.0,0.91,91.0,64.0,71.4,23.0,5.0,5.0,15.0,45.5,4.0,4.0,0.0,0.0,GK,,False,Goalkeeper,True,True,True,0.0,0.0,0.0,0.0,0.0,0.0,0.0,0.0,0.060810810810810814,0.0,0.0,0.0,0.0,0.0
David Soria,es ESP,GK,Getafe,es La Liga,32.0,1993.0,38,38,3420,38.0,0,0,0,0,0,0,2,0,0.0,0,0,,0.0,0.0,,,90,100.0,90.0,38,0,,0,1.34,32,38,-6,-0.16,,0,3,0,0,0,0,0,38.0,1.0,151.0,115.0,75.5,15.0,6.0,17.0,12.0,31.6,4.0,1.0,2.0,1.0,GK,,False,Goalkeeper,True,True,True,0.0,0.0,0.0,0.052631578947368425,0.0,0.0,0.0,0.0,0.07894736842105263,0.0,0.0,0.0,0.0,0.0
Zion Suzuki,jp JPN,GK,Parma,it Serie A,22.0,2002.0,20,20,1800,20.0,0,0,0,0,0,0,1,0,0.0,0,0,,0.0,0.0,,,90,52.6,90.0,20,0,,3,0.8,14,28,-14,-0.7,-0.48,0,4,0,0,0,0,0,28.0,1.4,90.0,65.0,71.1,3.0,7.0,10.0,5.0,25.0,3.0,2.0,1.0,0.0,GK,,False,Goalkeeper,True,True,True,0.0,0.0,0.0,0.05,0.0,0.0,0.0,0.0,0.2,0.0,0.0,0.0,0.0,0.0
Mile Svilar,rs SRB,GK,Roma,it Serie A,25.0,1999.0,38,38,3420,38.0,0,0,0,0,0,0,0,0,0.0,0,0,,0.0,0.0,,,90,100.0,90.0,38,0,,0,1.92,59,31,28,0.74,,0,8,0,0,1,1,0,31.0,0.82,137.0,107.0,78.1,23.0,4.0,11.0,18.0,47.4,1.0,1.0,0.0,0.0,GK,,False,Goalkeeper,True,True,True,0.0,0.0,0.0,0.0,0.0,0.0,0.0,0.0,0.2105263157894737,0.0,0.0,0.026315789473684213,0.026315789473684213,0.0
Arnau Tenas,es ESP,GK,Villarreal,es La Liga,24.0,2001.0,10,10,900,10.0,0,0,0,0,0,0,0,0,0.0,0,0,,0.0,0.0,,,90,26.3,90.0,10,0,,26,1.5,21,16,5,0.5,-0.25,0,1,0,0,0,1,0,16.0,1.6,44.0,30.0,68.2,4.0,3.0,3.0,0.0,0.0,2.0,2.0,0.0,0.0,GK,,False,Goalkeeper,True,True,False,0.0,0.0,0.0,0.0,0.0,0.0,0.0,0.0,0.1,0.0,0.0,0.0,0.1,0.0
Kevin Trapp,de GER,GK,Paris FC,fr Ligue 1,35.0,1990.0,22,22,1980,22.0,0,0,0,0,0,0,2,0,0.0,0,0,,0.0,0.0,,,90,64.7,90.0,22,0,,11,1.45,29,29,0,0.0,0.25,0,6,0,0,1,0,0,29.0,1.32,80.0,56.0,71.3,8.0,8.0,6.0,7.0,31.8,8.0,6.0,1.0,1.0,GK,,False,Goalkeeper,True,True,True,0.0,0.0,0.0,0.09090909090909091,0.0,0.0,0.0,0.0,0.2727272727272727,0.0,0.0,0.045454545454545456,0.0,0.0
Jonas Urbig,de GER,GK,Bayern Munich,de Bundesliga,21.0,2003.0,14,11,1111,12.3,0,0,0,0,0,0,0,0,0.0,0,0,,0.0,0.0,,,79,36.3,90.0,11,3,40.0,17,2.64,40,15,25,2.03,-0.79,0,2,0,0,0,0,0,15.0,1.22,46.0,32.0,69.6,9.0,1.0,1.0,6.0,54.5,2.0,1.0,0.0,1.0,GK,,False,Goalkeeper,True,True,False,0.0,0.0,0.0,0.0,0.0,0.0,0.0,0.0,0.162016201620162,0.0,0.0,0.0,0.0,0.0
Álvaro Vallés,es ESP,GK,Real Betis,es La Liga,28.0,1997.0,28,28,2520,28.0,0,0,0,0,0,0,1,0,0.0,0,0,,0.0,0.0,,,90,73.7,90.0,28,0,,10,1.54,44,36,8,0.29,-0.01,0,4,0,0,1,0,0,36.0,1.29,118.0,87.0,72.9,10.0,13.0,5.0,8.0,28.6,6.0,4.0,1.0,1.0,GK,,False,Goalkeeper,True,True,True,0.0,0.0,0.0,0.03571428571428571,0.0,0.0,0.0,0.0,0.14285714285714285,0.0,0.0,0.03571428571428571,0.0,0.0
Maarten Vandevoordt,be BEL,GK,RB Leipzig,de Bundesliga,23.0,2002.0,12,11,1052,11.7,0,0,0,0,0,0,0,0,0.0,0,0,,0.0,0.0,,,88,34.4,90.0,11,1,62.0,22,2.17,25,15,10,0.86,0.45,0,1,0,0,0,0,0,15.0,1.28,44.0,30.0,65.9,8.0,1.0,2.0,2.0,18.2,1.0,0.0,1.0,0.0,GK,,False,Goalkeeper,True,True,False,0.0,0.0,0.0,0.0,0.0,0.0,0.0,0.0,0.08555133079847908,0.0,0.0,0.0,0.0,0.0
Nikola Vasilj,ba BIH,GK,St Pauli,de Bundesliga,29.0,1995.0,34,34,3060,34.0,0,0,0,0,0,0,0,0,0.0,0,0,,0.0,0.0,,,90,100.0,90.0,34,0,,0,0.76,29,60,-31,-0.91,,0,1,0,0,1,1,1,60.0,1.76,178.0,123.0,68.0,6.0,8.0,20.0,5.0,14.7,6.0,3.0,2.0,1.0,GK,,False,Goalkeeper,True,True,True,0.0,0.0,0.0,0.0,0.0,0.0,0.0,0.0,0.029411764705882353,0.0,0.0,0.029411764705882353,0.029411764705882353,0.029411764705882353
Bart Verbruggen,nl NED,GK,Brighton,eng Premier League,22.0,2002.0,38,38,3420,38.0,0,0,0,0,0,0,3,0,0.0,0,0,,0.0,0.0,,,90,100.0,90.0,38,0,,0,1.39,52,46,6,0.16,,2,2,0,0,0,1,1,46.0,1.21,145.0,103.0,71.7,14.0,11.0,13.0,10.0,26.3,6.0,5.0,1.0,0.0,GK,,False,Goalkeeper,True,True,True,0.0,0.0,0.0,0.07894736842105263,0.0,0.0,0.0,0.052631578947368425,0.052631578947368425,0.0,0.0,0.0,0.026315789473684213,0.026315789473684213
Guglielmo Vicario,it ITA,GK,Tottenham Hotspur,eng Premier League,28.0,1996.0,31,31,2790,31.0,0,0,0,0,0,0,1,0,0.0,0,0,,0.0,0.0,,,90,81.6,90.0,31,0,,2,0.97,40,50,-10,-0.32,-0.47,0,3,0,0,0,1,0,50.0,1.61,131.0,83.0,63.4,7.0,9.0,15.0,7.0,22.6,2.0,2.0,0.0,0.0,GK,,False,Goalkeeper,True,True,True,0.0,0.0,0.0,0.03225806451612903,0.0,0.0,0.0,0.0,0.0967741935483871,0.0,0.0,0.0,0.03225806451612903,0.0
Odysseas Vlachodimos,gr GRE,GK,Sevilla,es La Liga,31.0,1994.0,33,33,2970,33.0,0,0,0,0,0,0,1,0,0.0,0,0,,0.0,0.0,,,90,86.8,90.0,33,0,,3,1.18,39,52,-13,-0.39,-0.19,0,2,0,0,1,0,0,52.0,1.58,131.0,88.0,66.4,11.0,6.0,16.0,5.0,15.2,10.0,8.0,1.0,1.0,GK,,False,Goalkeeper,True,True,True,0.0,0.0,0.0,0.030303030303030304,0.0,0.0,0.0,0.0,0.06060606060606061,0.0,0.0,0.030303030303030304,0.0,0.0
Michael Zetterer,de GER,GK,Eintracht Frankfurt,de Bundesliga,30.0,1995.0,22,21,1976,22.0,0,0,0,0,0,0,1,0,0.0,0,0,,0.0,0.0,,,90,64.6,90.0,21,1,86.0,12,1.55,34,33,1,0.05,0.46,0,6,0,0,1,1,0,33.0,1.5,93.0,62.0,66.7,8.0,7.0,6.0,6.0,28.6,2.0,2.0,0.0,0.0,GK,,False,Goalkeeper,True,True,True,0.0,0.0,0.0,0.04554655870445344,0.0,0.0,0.0,0.0,0.2732793522267207,0.0,0.0,0.04554655870445344,0.04554655870445344,0.0
